wNomeFonte;wSufixo;wSistema
hcm;pf;HCM_espec-update_espec_syspro
totvs-brk-8180;pf;HCM_espec-update_espec_syspro
ES0076;i;HCM_espec-update_espec_syspro_esp
ES0076;w;HCM_espec-update_espec_syspro_esp
ES0076rp;p;HCM_espec-update_espec_syspro_esp
ESBS001;w;HCM_espec-update_espec_syspro_esp
esbs001rp;p;HCM_espec-update_espec_syspro_esp
esbs1001;w;HCM_espec-update_espec_syspro_esp
esbs1001rp;p;HCM_espec-update_espec_syspro_esp
esbs1001tt;i;HCM_espec-update_espec_syspro_esp
esbs1580;w;HCM_espec-update_espec_syspro_esp
esbs1580rp;p;HCM_espec-update_espec_syspro_esp
esbs1580tt;i;HCM_espec-update_espec_syspro_esp
esbs1640;w;HCM_espec-update_espec_syspro_esp
esbs1640rp;p;HCM_espec-update_espec_syspro_esp
esbs3000;w;HCM_espec-update_espec_syspro_esp
esbs3000rp;p;HCM_espec-update_espec_syspro_esp
esbs3000tt;i;HCM_espec-update_espec_syspro_esp
esca0099;w;HCM_espec-update_espec_syspro_esp
esca0099rp;p;HCM_espec-update_espec_syspro_esp
esca0099tt;i;HCM_espec-update_espec_syspro_esp
esfp001;w;HCM_espec-update_espec_syspro_esp
esfp0018;w;HCM_espec-update_espec_syspro_esp
esfp0018rp;p;HCM_espec-update_espec_syspro_esp
esfp001a;w;HCM_espec-update_espec_syspro_esp
esfp001rp;p;HCM_espec-update_espec_syspro_esp
esfp002;w;HCM_espec-update_espec_syspro_esp
esfp003;w;HCM_espec-update_espec_syspro_esp
esfp003rp;p;HCM_espec-update_espec_syspro_esp
esfp003tt;i;HCM_espec-update_espec_syspro_esp
esfp004;w;HCM_espec-update_espec_syspro_esp
esfp004rp;p;HCM_espec-update_espec_syspro_esp
esfp004tt;i;HCM_espec-update_espec_syspro_esp
esfp005;w;HCM_espec-update_espec_syspro_esp
esfp005rp;p;HCM_espec-update_espec_syspro_esp
esfp006;w;HCM_espec-update_espec_syspro_esp
esfp006rp;p;HCM_espec-update_espec_syspro_esp
esfp006tt;i;HCM_espec-update_espec_syspro_esp
esfp007;w;HCM_espec-update_espec_syspro_esp
esfp007rp;p;HCM_espec-update_espec_syspro_esp
esfp008;w;HCM_espec-update_espec_syspro_esp
esfp008rp;p;HCM_espec-update_espec_syspro_esp
esfp009;w;HCM_espec-update_espec_syspro_esp
esfp009rp;p;HCM_espec-update_espec_syspro_esp
esfp010;w;HCM_espec-update_espec_syspro_esp
esfp010a;p;HCM_espec-update_espec_syspro_esp
esfp010rp;p;HCM_espec-update_espec_syspro_esp
esfp011;w;HCM_espec-update_espec_syspro_esp
esfp012-1;i;HCM_espec-update_espec_syspro_esp
esfp012-2;i;HCM_espec-update_espec_syspro_esp
esfp012;w;HCM_espec-update_espec_syspro_esp
esfp013-old;w;HCM_espec-update_espec_syspro_esp
esfp013;w;HCM_espec-update_espec_syspro_esp
esfp015;w;HCM_espec-update_espec_syspro_esp
esfp015rp;p;HCM_espec-update_espec_syspro_esp
esfp015tt;i;HCM_espec-update_espec_syspro_esp
esfp016;w;HCM_espec-update_espec_syspro_esp
esfp016rp;p;HCM_espec-update_espec_syspro_esp
esfp017;w;HCM_espec-update_espec_syspro_esp
esfp019rp;p;HCM_espec-update_espec_syspro_esp
esfp022;w;HCM_espec-update_espec_syspro_esp
esfp022a;w;HCM_espec-update_espec_syspro_esp
esfp022b;w;HCM_espec-update_espec_syspro_esp
esfp022c;w;HCM_espec-update_espec_syspro_esp
esfp022d;w;HCM_espec-update_espec_syspro_esp
esfp023;w;HCM_espec-update_espec_syspro_esp
esfp023rp;p;HCM_espec-update_espec_syspro_esp
esfp025;w;HCM_espec-update_espec_syspro_esp
esfp025rp;p;HCM_espec-update_espec_syspro_esp
esfp025tt;i;HCM_espec-update_espec_syspro_esp
esfp9850;w;HCM_espec-update_espec_syspro_esp
esfp9850rp;p;HCM_espec-update_espec_syspro_esp
esfp9851;w;HCM_espec-update_espec_syspro_esp
esfp9851r1;i;HCM_espec-update_espec_syspro_esp
esfp9851r2;i;HCM_espec-update_espec_syspro_esp
esfp9851r3;i;HCM_espec-update_espec_syspro_esp
esfp9851r4;i;HCM_espec-update_espec_syspro_esp
esfp9851r5;i;HCM_espec-update_espec_syspro_esp
esfp9851rp;p;HCM_espec-update_espec_syspro_esp
esfp9851tt;i;HCM_espec-update_espec_syspro_esp
esfp9912;w;HCM_espec-update_espec_syspro_esp
esfp9912rp;p;HCM_espec-update_espec_syspro_esp
esfr001;w;HCM_espec-update_espec_syspro_esp
esfr001a;w;HCM_espec-update_espec_syspro_esp
esfr001r1;p;HCM_espec-update_espec_syspro_esp
esfr001r2;p;HCM_espec-update_espec_syspro_esp
esfr001r3;p;HCM_espec-update_espec_syspro_esp
esfr0800;i2;HCM_espec-update_espec_syspro_esp
esfr0800;w;HCM_espec-update_espec_syspro_esp
esfr0800rp;p;HCM_espec-update_espec_syspro_esp
esmt001;w;HCM_espec-update_espec_syspro_esp
esmt002;w;HCM_espec-update_espec_syspro_esp
esmt003;w;HCM_espec-update_espec_syspro_esp
esmt004;w;HCM_espec-update_espec_syspro_esp
esmt004a;w;HCM_espec-update_espec_syspro_esp
esmt004b;w;HCM_espec-update_espec_syspro_esp
esmt004c;w;HCM_espec-update_espec_syspro_esp
esmt004d;w;HCM_espec-update_espec_syspro_esp
esmt005rp;p;HCM_espec-update_espec_syspro_esp
esmt006;w;HCM_espec-update_espec_syspro_esp
esmt007;w;HCM_espec-update_espec_syspro_esp
esmt008;w;HCM_espec-update_espec_syspro_esp
esmt009;p;HCM_espec-update_espec_syspro_esp
esmt010;w;HCM_espec-update_espec_syspro_esp
esmt010a;w;HCM_espec-update_espec_syspro_esp
esmt011;w;HCM_espec-update_espec_syspro_esp
esmt012-novo;docx;HCM_espec-update_espec_syspro_esp
esmt012;docx;HCM_espec-update_espec_syspro_esp
esmt012;w;HCM_espec-update_espec_syspro_esp
esmt012rp;p;HCM_espec-update_espec_syspro_esp
esmt012tt;i;HCM_espec-update_espec_syspro_esp
esmt013;w;HCM_espec-update_espec_syspro_esp
esmt014;w;HCM_espec-update_espec_syspro_esp
esmt015;w;HCM_espec-update_espec_syspro_esp
esmt015a;w;HCM_espec-update_espec_syspro_esp
esmt015arp;p;HCM_espec-update_espec_syspro_esp
esmt015rp;p;HCM_espec-update_espec_syspro_esp
esmt015_utapi027;p;HCM_espec-update_espec_syspro_esp
esmt016;w;HCM_espec-update_espec_syspro_esp
esmt016rp bkp;p;HCM_espec-update_espec_syspro_esp
esmt016rp;p;HCM_espec-update_espec_syspro_esp
esmt016tt;i;HCM_espec-update_espec_syspro_esp
esmt017;w;HCM_espec-update_espec_syspro_esp
esmt017rp;p;HCM_espec-update_espec_syspro_esp
esmt017tt;i;HCM_espec-update_espec_syspro_esp
esmt018;w;HCM_espec-update_espec_syspro_esp
esmt018rp;p;HCM_espec-update_espec_syspro_esp
esmt019;w;HCM_espec-update_espec_syspro_esp
esmt019rp;p;HCM_espec-update_espec_syspro_esp
esmt019tt;i;HCM_espec-update_espec_syspro_esp
esmt020;w;HCM_espec-update_espec_syspro_esp
esmt020rp;p;HCM_espec-update_espec_syspro_esp
esmt021;w;HCM_espec-update_espec_syspro_esp
esop001;w;HCM_espec-update_espec_syspro_esp
esop001a;w;HCM_espec-update_espec_syspro_esp
esop001b;w;HCM_espec-update_espec_syspro_esp
esop002;w;HCM_espec-update_espec_syspro_esp
esop002a;w;HCM_espec-update_espec_syspro_esp
esop002b;w;HCM_espec-update_espec_syspro_esp
esop002d;w;HCM_espec-update_espec_syspro_esp
esop002e;w;HCM_espec-update_espec_syspro_esp
esop002f;w;HCM_espec-update_espec_syspro_esp
esop002g;w;HCM_espec-update_espec_syspro_esp
esop002h;w;HCM_espec-update_espec_syspro_esp
esop002i;w;HCM_espec-update_espec_syspro_esp
esop003;w;HCM_espec-update_espec_syspro_esp
esop003rp;p;HCM_espec-update_espec_syspro_esp
esop004;w;HCM_espec-update_espec_syspro_esp
esop005;w;HCM_espec-update_espec_syspro_esp
esop005rp;p;HCM_espec-update_espec_syspro_esp
esop006;w;HCM_espec-update_espec_syspro_esp
esop006a;w;HCM_espec-update_espec_syspro_esp
esop007;w;HCM_espec-update_espec_syspro_esp
esop008;w;HCM_espec-update_espec_syspro_esp
esop008rp;p;HCM_espec-update_espec_syspro_esp
esop009;w;HCM_espec-update_espec_syspro_esp
esop009rp;p;HCM_espec-update_espec_syspro_esp
esop010;w;HCM_espec-update_espec_syspro_esp
esop010rp;p;HCM_espec-update_espec_syspro_esp
esop011;w;HCM_espec-update_espec_syspro_esp
esop011rp;p;HCM_espec-update_espec_syspro_esp
esop012;w;HCM_espec-update_espec_syspro_esp
esop012rp;p;HCM_espec-update_espec_syspro_esp
esop013;w;HCM_espec-update_espec_syspro_esp
esop013rp;p;HCM_espec-update_espec_syspro_esp
esop014;w;HCM_espec-update_espec_syspro_esp
esop014rp;p;HCM_espec-update_espec_syspro_esp
esop016;w;HCM_espec-update_espec_syspro_esp
esop016rp;p;HCM_espec-update_espec_syspro_esp
espe001a;p;HCM_espec-update_espec_syspro_esp
espe001r1;i;HCM_espec-update_espec_syspro_esp
espe001r2;i;HCM_espec-update_espec_syspro_esp
espe001r3;i;HCM_espec-update_espec_syspro_esp
espe001rp;p;HCM_espec-update_espec_syspro_esp
espe002a;p;HCM_espec-update_espec_syspro_esp
espe002r1;i;HCM_espec-update_espec_syspro_esp
espe002rp;p;HCM_espec-update_espec_syspro_esp
espe002rpa;p;HCM_espec-update_espec_syspro_esp
espe003a;p;HCM_espec-update_espec_syspro_esp
espe003r1;i;HCM_espec-update_espec_syspro_esp
espe003rp;p;HCM_espec-update_espec_syspro_esp
espe004a;p;HCM_espec-update_espec_syspro_esp
espe004r1;i;HCM_espec-update_espec_syspro_esp
espe004r2;i;HCM_espec-update_espec_syspro_esp
espe004rp;p;HCM_espec-update_espec_syspro_esp
espe005;w;HCM_espec-update_espec_syspro_esp
espe005a;w;HCM_espec-update_espec_syspro_esp
espe006;w;HCM_espec-update_espec_syspro_esp
espe006rp;p;HCM_espec-update_espec_syspro_esp
espe006tt;i;HCM_espec-update_espec_syspro_esp
espe007;w;HCM_espec-update_espec_syspro_esp
espe007rp;p;HCM_espec-update_espec_syspro_esp
espe007tt;i;HCM_espec-update_espec_syspro_esp
espe008;w;HCM_espec-update_espec_syspro_esp
espe008a;w;HCM_espec-update_espec_syspro_esp
espe010;w;HCM_espec-update_espec_syspro_esp
espe010a;w;HCM_espec-update_espec_syspro_esp
espe011;w;HCM_espec-update_espec_syspro_esp
espe011rp;p;HCM_espec-update_espec_syspro_esp
espe011tt;i;HCM_espec-update_espec_syspro_esp
espe012;w;HCM_espec-update_espec_syspro_esp
espe012rp;p;HCM_espec-update_espec_syspro_esp
espe013;w;HCM_espec-update_espec_syspro_esp
espe014;w;HCM_espec-update_espec_syspro_esp
espe015;w;HCM_espec-update_espec_syspro_esp
espe015rp;p;HCM_espec-update_espec_syspro_esp
espe016;w;HCM_espec-update_espec_syspro_esp
espe016rp;p;HCM_espec-update_espec_syspro_esp
espe017;w;HCM_espec-update_espec_syspro_esp
espe017a;w;HCM_espec-update_espec_syspro_esp
espe017arp;p;HCM_espec-update_espec_syspro_esp
espe017rp;p;HCM_espec-update_espec_syspro_esp
esst0013;w;HCM_espec-update_espec_syspro_esp
SQL-Gap-Ponte-Rolante-Cargos1;i;HCM_espec-update_espec_syspro_esp
SQL-Gap-Ponte-Rolante-Cargos2;i;HCM_espec-update_espec_syspro_esp
SQL-Gap-Ponte-Rolante-Cargos3;i;HCM_espec-update_espec_syspro_esp
SQL-Gap-Ponte-Rolante-Reciclagem;i;HCM_espec-update_espec_syspro_esp
SQL-Gap-Ponte-Rolante-Reciclagem1;i;HCM_espec-update_espec_syspro_esp
SQL-Gap-Ponte-Rolante-Reciclagem2;i;HCM_espec-update_espec_syspro_esp
SQL-Gap-Ponte-Rolante-Reciclagem3;i;HCM_espec-update_espec_syspro_esp
SQL-Gap-Ponte-Rolante-Reciclagem4;i;HCM_espec-update_espec_syspro_esp
SQL-Gap-Ponte-Rolante-Reciclagem5;i;HCM_espec-update_espec_syspro_esp
SQL-Gap-Ponte-Rolante-Reciclagem6;i;HCM_espec-update_espec_syspro_esp
Cria_Ped_Exec_Esfp019;p;HCM_espec-update_espec_syspro_etupc
Cria_Ped_Exec_Esmt005;p;HCM_espec-update_espec_syspro_etupc
Cria_Ped_Exec_Et2734;p;HCM_espec-update_espec_syspro_etupc
Cria_Ped_Exec_SP0014;p;HCM_espec-update_espec_syspro_etupc
Cria_Ped_Exec_SP0049;p;HCM_espec-update_espec_syspro_etupc
i-freeac;i;HCM_espec-update_espec_syspro_etupc
old_upc-fp1500;p;HCM_espec-update_espec_syspro_etupc
trd_orcto_cenario;p;HCM_espec-update_espec_syspro_etupc
trd_orcto_cenario_ben;p;HCM_espec-update_espec_syspro_etupc
trd_orcto_cenario_plan;p;HCM_espec-update_espec_syspro_etupc
trd_sit_afast_func;p;HCM_espec-update_espec_syspro_etupc
trg-sit_afast_func-w-vf;p;HCM_espec-update_espec_syspro_etupc
trw_func_ccusto;p;HCM_espec-update_espec_syspro_etupc
trw_sit_afast_func;p;HCM_espec-update_espec_syspro_etupc
upc-envia-email;i;HCM_espec-update_espec_syspro_etupc
upc-fp0060;p;HCM_espec-update_espec_syspro_etupc
upc-fp0640;p;HCM_espec-update_espec_syspro_etupc
upc-fp0660;p;HCM_espec-update_espec_syspro_etupc
upc-fp0740;p;HCM_espec-update_espec_syspro_etupc
upc-fp0770;p;HCM_espec-update_espec_syspro_etupc
upc-fp1000b;p;HCM_espec-update_espec_syspro_etupc
upc-fp1090-zoom;p;HCM_espec-update_espec_syspro_etupc
upc-fp1090;p;HCM_espec-update_espec_syspro_etupc
upc-fp1090r1;i;HCM_espec-update_espec_syspro_etupc
upc-fp1400a;p;HCM_espec-update_espec_syspro_etupc
upc-fp1500;p;HCM_espec-update_espec_syspro_etupc
upc-fp1600a;p;HCM_espec-update_espec_syspro_etupc
upc-fp1760a;p;HCM_espec-update_espec_syspro_etupc
upc-lista-eventos;p;HCM_espec-update_espec_syspro_etupc
upc-mt0012-zoom;p;HCM_espec-update_espec_syspro_etupc
upc-mt0012;p;HCM_espec-update_espec_syspro_etupc
upc-mt0021-zoom;p;HCM_espec-update_espec_syspro_etupc
upc-mt0021;p;HCM_espec-update_espec_syspro_etupc
upc-mt0030a;p;HCM_espec-update_espec_syspro_etupc
upc-mt0035;p;HCM_espec-update_espec_syspro_etupc
upc-mt0056a;p;HCM_espec-update_espec_syspro_etupc
upc-mt0728;p;HCM_espec-update_espec_syspro_etupc
upc-mt0728e-mail-cat;p;HCM_espec-update_espec_syspro_etupc
upc-mt0728e-mail;p;HCM_espec-update_espec_syspro_etupc
upc-mt0728e;p;HCM_espec-update_espec_syspro_etupc
upc-mt0728g;p;HCM_espec-update_espec_syspro_etupc
upc-pe1700;p;HCM_espec-update_espec_syspro_etupc
trd_funcionario;p;HCM_espec-update_espec_syspro_etupc_old
trg-funcionario-w-vf;p;HCM_espec-update_espec_syspro_etupc_old
trw_funcionario;p;HCM_espec-update_espec_syspro_etupc_old
loesbs3000;001;HCM_espec-update_espec_syspro_layout
men702dd;i;HCM_espec-update_espec_syspro_men_old
men702dd;p;HCM_espec-update_espec_syspro_men_old
bkp_Modelo_Exames_Medicos;xlsx;HCM_espec-update_espec_syspro_Modelos
corpo_humano;jpg;HCM_espec-update_espec_syspro_Modelos
esmt012-old;docx;HCM_espec-update_espec_syspro_Modelos
esmt012;docx;HCM_espec-update_espec_syspro_Modelos
esmt012_sem_riscos_primeiro_total;docx;HCM_espec-update_espec_syspro_Modelos
esmt015;docx;HCM_espec-update_espec_syspro_Modelos
logo_tuper;jpg;HCM_espec-update_espec_syspro_Modelos
modelo_esfp010;xlsx;HCM_espec-update_espec_syspro_Modelos
Modelo_Exames_Medicos;xlsx;HCM_espec-update_espec_syspro_Modelos
esst101;w;HCM_espec-update_espec_syspro_MST_Esp
esst102;w;HCM_espec-update_espec_syspro_MST_Esp
esst103;w;HCM_espec-update_espec_syspro_MST_Esp
esst103a;w;HCM_espec-update_espec_syspro_MST_Esp
esst103b;w;HCM_espec-update_espec_syspro_MST_Esp
esst103c;w;HCM_espec-update_espec_syspro_MST_Esp
esst103d;w;HCM_espec-update_espec_syspro_MST_Esp
esst104;w;HCM_espec-update_espec_syspro_MST_Esp
esst104a;w;HCM_espec-update_espec_syspro_MST_Esp
esst104b;w;HCM_espec-update_espec_syspro_MST_Esp
esst105;w;HCM_espec-update_espec_syspro_MST_Esp
esst106;w;HCM_espec-update_espec_syspro_MST_Esp
esst107;w;HCM_espec-update_espec_syspro_MST_Esp
esst108;w;HCM_espec-update_espec_syspro_MST_Esp
esst108a;w;HCM_espec-update_espec_syspro_MST_Esp
Esst109;w;HCM_espec-update_espec_syspro_MST_Esp
Esst109rp;p;HCM_espec-update_espec_syspro_MST_Esp
Esst110;w;HCM_espec-update_espec_syspro_MST_Esp
Esst110rp;p;HCM_espec-update_espec_syspro_MST_Esp
b01esst101;w;HCM_espec-update_espec_syspro_MST_Object_brw
b01esst103;w;HCM_espec-update_espec_syspro_MST_Object_brw
b01esst104;w;HCM_espec-update_espec_syspro_MST_Object_brw
b01esst105;w;HCM_espec-update_espec_syspro_MST_Object_brw
b01esst106;w;HCM_espec-update_espec_syspro_MST_Object_brw
b01esst107;w;HCM_espec-update_espec_syspro_MST_Object_brw
b01esst108;w;HCM_espec-update_espec_syspro_MST_Object_brw
b02esst101;w;HCM_espec-update_espec_syspro_MST_Object_brw
b02esst103;w;HCM_espec-update_espec_syspro_MST_Object_brw
b02esst105;w;HCM_espec-update_espec_syspro_MST_Object_brw
b03esst102;w;HCM_espec-update_espec_syspro_MST_Object_brw
b03esst103;w;HCM_espec-update_espec_syspro_MST_Object_brw
b04esst102;w;HCM_espec-update_espec_syspro_MST_Object_brw
b05esst102;w;HCM_espec-update_espec_syspro_MST_Object_brw
b06esst102;w;HCM_espec-update_espec_syspro_MST_Object_brw
b07esst102;w;HCM_espec-update_espec_syspro_MST_Object_brw
b08esst102;w;HCM_espec-update_espec_syspro_MST_Object_brw
g01esst101;w;HCM_espec-update_espec_syspro_MST_Object_go
g01esst102;w;HCM_espec-update_espec_syspro_MST_Object_go
g01esst103;w;HCM_espec-update_espec_syspro_MST_Object_go
g01esst104;w;HCM_espec-update_espec_syspro_MST_Object_go
g01esst105;w;HCM_espec-update_espec_syspro_MST_Object_go
g01esst107;w;HCM_espec-update_espec_syspro_MST_Object_go
q01esst101;w;HCM_espec-update_espec_syspro_MST_Object_qry
q01esst102;w;HCM_espec-update_espec_syspro_MST_Object_qry
q01esst103;w;HCM_espec-update_espec_syspro_MST_Object_qry
q01esst104;w;HCM_espec-update_espec_syspro_MST_Object_qry
q01esst105;w;HCM_espec-update_espec_syspro_MST_Object_qry
q01esst106;w;HCM_espec-update_espec_syspro_MST_Object_qry
q01esst107;w;HCM_espec-update_espec_syspro_MST_Object_qry
q01esst108;w;HCM_espec-update_espec_syspro_MST_Object_qry
q02esst103;w;HCM_espec-update_espec_syspro_MST_Object_qry
q02esst104;w;HCM_espec-update_espec_syspro_MST_Object_qry
q02esst108;w;HCM_espec-update_espec_syspro_MST_Object_qry
q03esst103;w;HCM_espec-update_espec_syspro_MST_Object_qry
q03esst104;w;HCM_espec-update_espec_syspro_MST_Object_qry
q04esst103;w;HCM_espec-update_espec_syspro_MST_Object_qry
q05esst103;w;HCM_espec-update_espec_syspro_MST_Object_qry
v01esst101;w;HCM_espec-update_espec_syspro_MST_Object_vwr
v01esst102;w;HCM_espec-update_espec_syspro_MST_Object_vwr
v01esst103;w;HCM_espec-update_espec_syspro_MST_Object_vwr
v01esst103b;w;HCM_espec-update_espec_syspro_MST_Object_vwr
v01esst103c;w;HCM_espec-update_espec_syspro_MST_Object_vwr
v01esst103d;w;HCM_espec-update_espec_syspro_MST_Object_vwr
v01esst104;w;HCM_espec-update_espec_syspro_MST_Object_vwr
v01esst104b;w;HCM_espec-update_espec_syspro_MST_Object_vwr
v01esst105;w;HCM_espec-update_espec_syspro_MST_Object_vwr
v01esst106;w;HCM_espec-update_espec_syspro_MST_Object_vwr
v01esst107;w;HCM_espec-update_espec_syspro_MST_Object_vwr
v01esst108;w;HCM_espec-update_espec_syspro_MST_Object_vwr
v02esst102;w;HCM_espec-update_espec_syspro_MST_Object_vwr
v03esst102;w;HCM_espec-update_espec_syspro_MST_Object_vwr
v04esst102;w;HCM_espec-update_espec_syspro_MST_Object_vwr
z01esst101;w;HCM_espec-update_espec_syspro_MST_Object_zoom
z01esst105;w;HCM_espec-update_espec_syspro_MST_Object_zoom
z01esst106;w;HCM_espec-update_espec_syspro_MST_Object_zoom
z01esst107;w;HCM_espec-update_espec_syspro_MST_Object_zoom
z02esst102;w;HCM_espec-update_espec_syspro_MST_Object_zoom
z03esst102;w;HCM_espec-update_espec_syspro_MST_Object_zoom
z04esst102;w;HCM_espec-update_espec_syspro_MST_Object_zoom
b01esfp001;w;HCM_espec-update_espec_syspro_object_brw
b01esfp002;w;HCM_espec-update_espec_syspro_object_brw
b01esfp022;w;HCM_espec-update_espec_syspro_object_brw
b01esmt004;w;HCM_espec-update_espec_syspro_object_brw
b01esmt007;w;HCM_espec-update_espec_syspro_object_brw
b01esmt010;w;HCM_espec-update_espec_syspro_object_brw
b01esmt011;w;HCM_espec-update_espec_syspro_object_brw
b01esmt013;w;HCM_espec-update_espec_syspro_object_brw
b01esmt014;w;HCM_espec-update_espec_syspro_object_brw
b01esmt021;w;HCM_espec-update_espec_syspro_object_brw
b01esmt0728;w;HCM_espec-update_espec_syspro_object_brw
b01esop001;w;HCM_espec-update_espec_syspro_object_brw
b01esop002;w;HCM_espec-update_espec_syspro_object_brw
b01esop006;w;HCM_espec-update_espec_syspro_object_brw
b01esop007;w;HCM_espec-update_espec_syspro_object_brw
b01espe005;w;HCM_espec-update_espec_syspro_object_brw
b01espe010;w;HCM_espec-update_espec_syspro_object_brw
b01espe014;w;HCM_espec-update_espec_syspro_object_brw
b01esst0013;w;HCM_espec-update_espec_syspro_object_brw
b01mt0728;w;HCM_espec-update_espec_syspro_object_brw
b02esfp022;w;HCM_espec-update_espec_syspro_object_brw
b02esmt004;w;HCM_espec-update_espec_syspro_object_brw
b02esmt011;w;HCM_espec-update_espec_syspro_object_brw
b02esmt013;w;HCM_espec-update_espec_syspro_object_brw
b02esop001;w;HCM_espec-update_espec_syspro_object_brw
b02esop002;w;HCM_espec-update_espec_syspro_object_brw
b02esop006;w;HCM_espec-update_espec_syspro_object_brw
b02esop007;w;HCM_espec-update_espec_syspro_object_brw
b02esst0013;w;HCM_espec-update_espec_syspro_object_brw
b03esfp022;w;HCM_espec-update_espec_syspro_object_brw
b03esmt004;w;HCM_espec-update_espec_syspro_object_brw
b03esop001;w;HCM_espec-update_espec_syspro_object_brw
b03esop002;w;HCM_espec-update_espec_syspro_object_brw
b03esop006;w;HCM_espec-update_espec_syspro_object_brw
b03esop007;w;HCM_espec-update_espec_syspro_object_brw
b03esst0013;w;HCM_espec-update_espec_syspro_object_brw
b04esfp022;w;HCM_espec-update_espec_syspro_object_brw
b04esmt004;w;HCM_espec-update_espec_syspro_object_brw
b04esop001;w;HCM_espec-update_espec_syspro_object_brw
b04esop002;w;HCM_espec-update_espec_syspro_object_brw
b05esfp022;w;HCM_espec-update_espec_syspro_object_brw
b05esmt004;w;HCM_espec-update_espec_syspro_object_brw
b05esop001;w;HCM_espec-update_espec_syspro_object_brw
b06esmt004;w;HCM_espec-update_espec_syspro_object_brw
b07esmt004;w;HCM_espec-update_espec_syspro_object_brw
b08esmt004;w;HCM_espec-update_espec_syspro_object_brw
g01esfp002;w;HCM_espec-update_espec_syspro_object_go
g01esfp022;w;HCM_espec-update_espec_syspro_object_go
g01esmt004;w;HCM_espec-update_espec_syspro_object_go
g01esmt011;w;HCM_espec-update_espec_syspro_object_go
g01esmt013;w;HCM_espec-update_espec_syspro_object_go
g01esmt014;w;HCM_espec-update_espec_syspro_object_go
g01esmt021;w;HCM_espec-update_espec_syspro_object_go
g01esop001;w;HCM_espec-update_espec_syspro_object_go
g01esop002;w;HCM_espec-update_espec_syspro_object_go
g01esop004;w;HCM_espec-update_espec_syspro_object_go
g01esop006;w;HCM_espec-update_espec_syspro_object_go
g01esop007;w;HCM_espec-update_espec_syspro_object_go
g01espe009;w;HCM_espec-update_espec_syspro_object_go
g01esst0013;w;HCM_espec-update_espec_syspro_object_go
message;p;HCM_espec-update_espec_syspro_object_msg
message1;p;HCM_espec-update_espec_syspro_object_msg
message2;p;HCM_espec-update_espec_syspro_object_msg
message3;p;HCM_espec-update_espec_syspro_object_msg
message4;p;HCM_espec-update_espec_syspro_object_msg
message5;p;HCM_espec-update_espec_syspro_object_msg
q01esfp002;w;HCM_espec-update_espec_syspro_object_qry
q01esfp022;w;HCM_espec-update_espec_syspro_object_qry
q01esfp022a;w;HCM_espec-update_espec_syspro_object_qry
q01esfp022b;w;HCM_espec-update_espec_syspro_object_qry
q01esfp022c;w;HCM_espec-update_espec_syspro_object_qry
q01esfp022d;w;HCM_espec-update_espec_syspro_object_qry
q01esmt004;w;HCM_espec-update_espec_syspro_object_qry
q01esmt004b;w;HCM_espec-update_espec_syspro_object_qry
q01esmt004c;w;HCM_espec-update_espec_syspro_object_qry
q01esmt006;w;HCM_espec-update_espec_syspro_object_qry
q01esmt007;w;HCM_espec-update_espec_syspro_object_qry
q01esmt008;w;HCM_espec-update_espec_syspro_object_qry
q01esmt011;w;HCM_espec-update_espec_syspro_object_qry
q01esmt013;w;HCM_espec-update_espec_syspro_object_qry
q01esmt014;w;HCM_espec-update_espec_syspro_object_qry
q01esmt021;w;HCM_espec-update_espec_syspro_object_qry
q01esop001;w;HCM_espec-update_espec_syspro_object_qry
q01esop001a;w;HCM_espec-update_espec_syspro_object_qry
q01esop001b;w;HCM_espec-update_espec_syspro_object_qry
q01esop002;w;HCM_espec-update_espec_syspro_object_qry
q01esop002a;w;HCM_espec-update_espec_syspro_object_qry
q01esop002e;w;HCM_espec-update_espec_syspro_object_qry
q01esop002g;w;HCM_espec-update_espec_syspro_object_qry
q01esop004;w;HCM_espec-update_espec_syspro_object_qry
q01esop006;w;HCM_espec-update_espec_syspro_object_qry
q01esop006a;w;HCM_espec-update_espec_syspro_object_qry
q01esop007;w;HCM_espec-update_espec_syspro_object_qry
q01espe005a;w;HCM_espec-update_espec_syspro_object_qry
q01espe010a;w;HCM_espec-update_espec_syspro_object_qry
q01esst0013;w;HCM_espec-update_espec_syspro_object_qry
q02esfp001;w;HCM_espec-update_espec_syspro_object_qry
b01esmt0728;w;HCM_espec-update_espec_syspro_object_sopm_brw
v01pm285;w;HCM_espec-update_espec_syspro_object_sopm_vwr
v01pm286_;w;HCM_espec-update_espec_syspro_object_sopm_vwr
v02pm285;w;HCM_espec-update_espec_syspro_object_sopm_vwr
z01esmt0728;w;HCM_espec-update_espec_syspro_object_sopm_zoom
v01esfp001;w;HCM_espec-update_espec_syspro_object_vwr
v01esfp002;w;HCM_espec-update_espec_syspro_object_vwr
v01esfp022;w;HCM_espec-update_espec_syspro_object_vwr
v01esfp022a;w;HCM_espec-update_espec_syspro_object_vwr
v01esfp022b;w;HCM_espec-update_espec_syspro_object_vwr
v01esfp022c;w;HCM_espec-update_espec_syspro_object_vwr
v01esfp022d;w;HCM_espec-update_espec_syspro_object_vwr
v01esmt004;w;HCM_espec-update_espec_syspro_object_vwr
v01esmt004b;w;HCM_espec-update_espec_syspro_object_vwr
v01esmt004c;w;HCM_espec-update_espec_syspro_object_vwr
v01esmt006;w;HCM_espec-update_espec_syspro_object_vwr
v01esmt007;w;HCM_espec-update_espec_syspro_object_vwr
v01esmt008;w;HCM_espec-update_espec_syspro_object_vwr
v01esmt011;w;HCM_espec-update_espec_syspro_object_vwr
v01esmt013;w;HCM_espec-update_espec_syspro_object_vwr
v01esmt014;w;HCM_espec-update_espec_syspro_object_vwr
v01esmt021;w;HCM_espec-update_espec_syspro_object_vwr
v01esop001;w;HCM_espec-update_espec_syspro_object_vwr
v01esop001a;w;HCM_espec-update_espec_syspro_object_vwr
v01esop001b;w;HCM_espec-update_espec_syspro_object_vwr
v01esop002;w;HCM_espec-update_espec_syspro_object_vwr
v01esop002a;w;HCM_espec-update_espec_syspro_object_vwr
v01esop002e;w;HCM_espec-update_espec_syspro_object_vwr
v01esop002g;w;HCM_espec-update_espec_syspro_object_vwr
v01esop004;w;HCM_espec-update_espec_syspro_object_vwr
v01esop006;w;HCM_espec-update_espec_syspro_object_vwr
v01esop006a;w;HCM_espec-update_espec_syspro_object_vwr
v01esop007;w;HCM_espec-update_espec_syspro_object_vwr
v01espe005a;w;HCM_espec-update_espec_syspro_object_vwr
v01espe010a;w;HCM_espec-update_espec_syspro_object_vwr
v01esst0013;w;HCM_espec-update_espec_syspro_object_vwr
v02esfp001;w;HCM_espec-update_espec_syspro_object_vwr
z01esfp002;w;HCM_espec-update_espec_syspro_object_zoom
z01esfp022;w;HCM_espec-update_espec_syspro_object_zoom
z01esmt004;w;HCM_espec-update_espec_syspro_object_zoom
z01esmt007;w;HCM_espec-update_espec_syspro_object_zoom
z01esmt011;w;HCM_espec-update_espec_syspro_object_zoom
z01esmt013;w;HCM_espec-update_espec_syspro_object_zoom
z01esmt014;w;HCM_espec-update_espec_syspro_object_zoom
z01esmt021;w;HCM_espec-update_espec_syspro_object_zoom
z01esop001;w;HCM_espec-update_espec_syspro_object_zoom
z01esop002;w;HCM_espec-update_espec_syspro_object_zoom
z01esop006;w;HCM_espec-update_espec_syspro_object_zoom
z01esop007;w;HCM_espec-update_espec_syspro_object_zoom
z01esst0013;w;HCM_espec-update_espec_syspro_object_zoom
z02esmt004;w;HCM_espec-update_espec_syspro_object_zoom
z02esop001;w;HCM_espec-update_espec_syspro_object_zoom
z02esop006;w;HCM_espec-update_espec_syspro_object_zoom
z02esop007;w;HCM_espec-update_espec_syspro_object_zoom
z03esmt004;w;HCM_espec-update_espec_syspro_object_zoom
pdfapi001;p;HCM_espec-update_espec_syspro_pdf
pdfglobal;i;HCM_espec-update_espec_syspro_pdf
pdf_func;i;HCM_espec-update_espec_syspro_pdf
pdf_inc;i;HCM_espec-update_espec_syspro_pdf
pdf_inc;p;HCM_espec-update_espec_syspro_pdf
pdf_pre;i;HCM_espec-update_espec_syspro_pdf
1250;diff;HCM_espec-update_espec_syspro_PDFinclude
1251;diff;HCM_espec-update_espec_syspro_PDFinclude
iso8859-2;diff;HCM_espec-update_espec_syspro_PDFinclude
PDFextract;p;HCM_espec-update_espec_syspro_PDFinclude
pdfglobal;i;HCM_espec-update_espec_syspro_PDFinclude
PDFinclude Documentation;doc;HCM_espec-update_espec_syspro_PDFinclude
PDFinclude PRO Documentation;doc;HCM_espec-update_espec_syspro_PDFinclude
PDFinfo-test;p;HCM_espec-update_espec_syspro_PDFinclude
PDFinfo;i;HCM_espec-update_espec_syspro_PDFinclude
PDFinfo;p;HCM_espec-update_espec_syspro_PDFinclude
pdftemplate;p;HCM_espec-update_espec_syspro_PDFinclude
pdftool;p;HCM_espec-update_espec_syspro_PDFinclude
pdf_func;i;HCM_espec-update_espec_syspro_PDFinclude
pdf_inc;i;HCM_espec-update_espec_syspro_PDFinclude
pdf_inc;p;HCM_espec-update_espec_syspro_PDFinclude
pdf_pre;i;HCM_espec-update_espec_syspro_PDFinclude
md5;exe;HCM_espec-update_espec_syspro_PDFinclude_dll
procryptlib;dll;HCM_espec-update_espec_syspro_PDFinclude_dll
procryptlib;lib;HCM_espec-update_espec_syspro_PDFinclude_dll
rc4;c;HCM_espec-update_espec_syspro_PDFinclude_dll
rc4;h;HCM_espec-update_espec_syspro_PDFinclude_dll
PDFpsp;w;HCM_espec-update_espec_syspro_PDFinclude_encrypt
PSP;i;HCM_espec-update_espec_syspro_PDFinclude_encrypt
PSPbind;p;HCM_espec-update_espec_syspro_PDFinclude_encrypt
catalogTRD20;pdf;HCM_espec-update_espec_syspro_PDFinclude_gallery
SpeedyInvoice;pdf;HCM_espec-update_espec_syspro_PDFinclude_gallery
TestPCM;pdf;HCM_espec-update_espec_syspro_PDFinclude_gallery
TestQuote;pdf;HCM_espec-update_espec_syspro_PDFinclude_gallery
VCD_srcfind;pdf;HCM_espec-update_espec_syspro_PDFinclude_gallery
md5;exe;HCM_espec-update_espec_syspro_PDFinclude_PDFencrypt
pdfencrypt;p;HCM_espec-update_espec_syspro_PDFinclude_PDFencrypt
pdfencryptlib;p;HCM_espec-update_espec_syspro_PDFinclude_PDFencrypt
procryptlib;dll;HCM_espec-update_espec_syspro_PDFinclude_PDFencrypt
procryptlib;lib;HCM_espec-update_espec_syspro_PDFinclude_PDFencrypt
rc4;c;HCM_espec-update_espec_syspro_PDFinclude_PDFencrypt
rc4;h;HCM_espec-update_espec_syspro_PDFinclude_PDFencrypt
Demo;w;HCM_espec-update_espec_syspro_PDFinclude_samples_browse2pdf
PDFLibrary;p;HCM_espec-update_espec_syspro_PDFinclude_samples_browse2pdf
pdfprint;i;HCM_espec-update_espec_syspro_PDFinclude_samples_browse2pdf
pdf_inc;p;HCM_espec-update_espec_syspro_PDFinclude_samples_browse2pdf
ViewXMLDialog;w;HCM_espec-update_espec_syspro_PDFinclude_samples_browse2pdf
ViewXMLDialog;wrx;HCM_espec-update_espec_syspro_PDFinclude_samples_browse2pdf
column-list;p;HCM_espec-update_espec_syspro_PDFinclude_samples_persistent
column-list;pdf;HCM_espec-update_espec_syspro_PDFinclude_samples_persistent
conv2pdf;p;HCM_espec-update_espec_syspro_PDFinclude_samples_persistent
convert;p;HCM_espec-update_espec_syspro_PDFinclude_samples_persistent
converted;pdf;HCM_espec-update_espec_syspro_PDFinclude_samples_persistent
custlist;p;HCM_espec-update_espec_syspro_PDFinclude_samples_persistent
custlist;pdf;HCM_espec-update_espec_syspro_PDFinclude_samples_persistent
cyrillic;p;HCM_espec-update_espec_syspro_PDFinclude_samples_persistent
cyrillic;pdf;HCM_espec-update_espec_syspro_PDFinclude_samples_persistent
hello-encrypt;p;HCM_espec-update_espec_syspro_PDFinclude_samples_persistent
hello-encrypt;pdf;HCM_espec-update_espec_syspro_PDFinclude_samples_persistent
hello;p;HCM_espec-update_espec_syspro_PDFinclude_samples_persistent
hello;pdf;HCM_espec-update_espec_syspro_PDFinclude_samples_persistent
itemlist;p;HCM_espec-update_espec_syspro_PDFinclude_samples_persistent
itemlist;pdf;HCM_espec-update_espec_syspro_PDFinclude_samples_persistent
layer;p;HCM_espec-update_espec_syspro_PDFinclude_samples_persistent
layer;pdf;HCM_espec-update_espec_syspro_PDFinclude_samples_persistent
layer2;p;HCM_espec-update_espec_syspro_PDFinclude_samples_persistent
link;p;HCM_espec-update_espec_syspro_PDFinclude_samples_persistent
link;pdf;HCM_espec-update_espec_syspro_PDFinclude_samples_persistent
multi;p;HCM_espec-update_espec_syspro_PDFinclude_samples_persistent
multiOne;pdf;HCM_espec-update_espec_syspro_PDFinclude_samples_persistent
multiTwo;pdf;HCM_espec-update_espec_syspro_PDFinclude_samples_persistent
persistent-1;p;HCM_espec-update_espec_syspro_PDFinclude_samples_persistent
persistent-1;pdf;HCM_espec-update_espec_syspro_PDFinclude_samples_persistent
persistent-2;p;HCM_espec-update_espec_syspro_PDFinclude_samples_persistent
persistent-2;pdf;HCM_espec-update_espec_syspro_PDFinclude_samples_persistent
persistent;p;HCM_espec-update_espec_syspro_PDFinclude_samples_persistent
rotatetext;p;HCM_espec-update_espec_syspro_PDFinclude_samples_persistent
rotatetext;pdf;HCM_espec-update_espec_syspro_PDFinclude_samples_persistent
text;p;HCM_espec-update_espec_syspro_PDFinclude_samples_persistent
text;pdf;HCM_espec-update_espec_syspro_PDFinclude_samples_persistent
calendar-euro;p;HCM_espec-update_espec_syspro_PDFinclude_samples_super
calendar-euro;pdf;HCM_espec-update_espec_syspro_PDFinclude_samples_super
calendar;p;HCM_espec-update_espec_syspro_PDFinclude_samples_super
calendar;pdf;HCM_espec-update_espec_syspro_PDFinclude_samples_super
calendartool;pdf;HCM_espec-update_espec_syspro_PDFinclude_samples_super
calendertool;p;HCM_espec-update_espec_syspro_PDFinclude_samples_super
column-list;p;HCM_espec-update_espec_syspro_PDFinclude_samples_super
column-list;pdf;HCM_espec-update_espec_syspro_PDFinclude_samples_super
conv2pdf;p;HCM_espec-update_espec_syspro_PDFinclude_samples_super
convert;p;HCM_espec-update_espec_syspro_PDFinclude_samples_super
converted;pdf;HCM_espec-update_espec_syspro_PDFinclude_samples_super
curve;p;HCM_espec-update_espec_syspro_PDFinclude_samples_super
curve;pdf;HCM_espec-update_espec_syspro_PDFinclude_samples_super
custlist-comp;pdf;HCM_espec-update_espec_syspro_PDFinclude_samples_super
custlist;p;HCM_espec-update_espec_syspro_PDFinclude_samples_super
custlist;pdf;HCM_espec-update_espec_syspro_PDFinclude_samples_super
custlist8;p;HCM_espec-update_espec_syspro_PDFinclude_samples_super
custlist8;pdf;HCM_espec-update_espec_syspro_PDFinclude_samples_super
cyrillic;p;HCM_espec-update_espec_syspro_PDFinclude_samples_super
cyrillic;pdf;HCM_espec-update_espec_syspro_PDFinclude_samples_super
FormFill-enc;pdf;HCM_espec-update_espec_syspro_PDFinclude_samples_super
FormFill-encOOo;pdf;HCM_espec-update_espec_syspro_PDFinclude_samples_super
FormFill;p;HCM_espec-update_espec_syspro_PDFinclude_samples_super
FormFillOOo;p;HCM_espec-update_espec_syspro_PDFinclude_samples_super
fw2-2005-out;pdf;HCM_espec-update_espec_syspro_PDFinclude_samples_super
hello-enc;p;HCM_espec-update_espec_syspro_PDFinclude_samples_super
hello-enc;pdf;HCM_espec-update_espec_syspro_PDFinclude_samples_super
hello;p;HCM_espec-update_espec_syspro_PDFinclude_samples_super
hello;pdf;HCM_espec-update_espec_syspro_PDFinclude_samples_super
itemlist;p;HCM_espec-update_espec_syspro_PDFinclude_samples_super
itemlist;pdf;HCM_espec-update_espec_syspro_PDFinclude_samples_super
layer;p;HCM_espec-update_espec_syspro_PDFinclude_samples_super
layer;pdf;HCM_espec-update_espec_syspro_PDFinclude_samples_super
layer2-18;pdf;HCM_espec-update_espec_syspro_PDFinclude_samples_super
layer2-37;pdf;HCM_espec-update_espec_syspro_PDFinclude_samples_super
layer2-7;pdf;HCM_espec-update_espec_syspro_PDFinclude_samples_super
layer2-73;pdf;HCM_espec-update_espec_syspro_PDFinclude_samples_super
layer2;p;HCM_espec-update_espec_syspro_PDFinclude_samples_super
link;p;HCM_espec-update_espec_syspro_PDFinclude_samples_super
link;pdf;HCM_espec-update_espec_syspro_PDFinclude_samples_super
multi;p;HCM_espec-update_espec_syspro_PDFinclude_samples_super
multiOne;pdf;HCM_espec-update_espec_syspro_PDFinclude_samples_super
multipage;p;HCM_espec-update_espec_syspro_PDFinclude_samples_super
multipage;pdf;HCM_espec-update_espec_syspro_PDFinclude_samples_super
multiTwo;pdf;HCM_espec-update_espec_syspro_PDFinclude_samples_super
note;p;HCM_espec-update_espec_syspro_PDFinclude_samples_super
note;pdf;HCM_espec-update_espec_syspro_PDFinclude_samples_super
openpdf;p;HCM_espec-update_espec_syspro_PDFinclude_samples_super
openpdf;pdf;HCM_espec-update_espec_syspro_PDFinclude_samples_super
orient;p;HCM_espec-update_espec_syspro_PDFinclude_samples_super
orient;pdf;HCM_espec-update_espec_syspro_PDFinclude_samples_super
pl_1250;p;HCM_espec-update_espec_syspro_PDFinclude_samples_super
pl_1250;pdf;HCM_espec-update_espec_syspro_PDFinclude_samples_super
POForm-Filled;pdf;HCM_espec-update_espec_syspro_PDFinclude_samples_super
Portrait;cfg;HCM_espec-update_espec_syspro_PDFinclude_samples_super
rotatetext;p;HCM_espec-update_espec_syspro_PDFinclude_samples_super
rotatetext;pdf;HCM_espec-update_espec_syspro_PDFinclude_samples_super
super-1;p;HCM_espec-update_espec_syspro_PDFinclude_samples_super
super-1;pdf;HCM_espec-update_espec_syspro_PDFinclude_samples_super
super-2;p;HCM_espec-update_espec_syspro_PDFinclude_samples_super
super-2;pdf;HCM_espec-update_espec_syspro_PDFinclude_samples_super
super-3;p;HCM_espec-update_espec_syspro_PDFinclude_samples_super
super-3a;p;HCM_espec-update_espec_syspro_PDFinclude_samples_super
super-3a;pdf;HCM_espec-update_espec_syspro_PDFinclude_samples_super
super;p;HCM_espec-update_espec_syspro_PDFinclude_samples_super
table;p;HCM_espec-update_espec_syspro_PDFinclude_samples_super
table;pdf;HCM_espec-update_espec_syspro_PDFinclude_samples_super
Temp1;cfg;HCM_espec-update_espec_syspro_PDFinclude_samples_super
Temp2;cfg;HCM_espec-update_espec_syspro_PDFinclude_samples_super
template-sample;cfg;HCM_espec-update_espec_syspro_PDFinclude_samples_super
template-sample;p;HCM_espec-update_espec_syspro_PDFinclude_samples_super
template-sample;pdf;HCM_espec-update_espec_syspro_PDFinclude_samples_super
template-sample;txt;HCM_espec-update_espec_syspro_PDFinclude_samples_super
template;p;HCM_espec-update_espec_syspro_PDFinclude_samples_super
template;pdf;HCM_espec-update_espec_syspro_PDFinclude_samples_super
text;p;HCM_espec-update_espec_syspro_PDFinclude_samples_super
text;pdf;HCM_espec-update_espec_syspro_PDFinclude_samples_super
usetags;p;HCM_espec-update_espec_syspro_PDFinclude_samples_super
usetags;pdf;HCM_espec-update_espec_syspro_PDFinclude_samples_super
w2form-2005;p;HCM_espec-update_espec_syspro_PDFinclude_samples_super
w2form;p;HCM_espec-update_espec_syspro_PDFinclude_samples_super
w2form;pdf;HCM_espec-update_espec_syspro_PDFinclude_samples_super
word-sample;p;HCM_espec-update_espec_syspro_PDFinclude_samples_super
word-sample;pdf;HCM_espec-update_espec_syspro_PDFinclude_samples_super
xml;p;HCM_espec-update_espec_syspro_PDFinclude_samples_super
xml;pdf;HCM_espec-update_espec_syspro_PDFinclude_samples_super
arial;afm;HCM_espec-update_espec_syspro_PDFinclude_samples_support
Arial;ttf;HCM_espec-update_espec_syspro_PDFinclude_samples_support
code39;afm;HCM_espec-update_espec_syspro_PDFinclude_samples_support
code39;ttf;HCM_espec-update_espec_syspro_PDFinclude_samples_support
config;i;HCM_espec-update_espec_syspro_PDFinclude_samples_support
fw2-2005;pdf;HCM_espec-update_espec_syspro_PDFinclude_samples_support
fw2;pdf;HCM_espec-update_espec_syspro_PDFinclude_samples_support
invoice;doc;HCM_espec-update_espec_syspro_PDFinclude_samples_support
invoice;pdf;HCM_espec-update_espec_syspro_PDFinclude_samples_support
Invoice;xml;HCM_espec-update_espec_syspro_PDFinclude_samples_support
POForm;doc;HCM_espec-update_espec_syspro_PDFinclude_samples_support
POForm;pdf;HCM_espec-update_espec_syspro_PDFinclude_samples_support
POForm5;pdf;HCM_espec-update_espec_syspro_PDFinclude_samples_support
POForm6;pdf;HCM_espec-update_espec_syspro_PDFinclude_samples_support
POForm62;pdf;HCM_espec-update_espec_syspro_PDFinclude_samples_support
POForm63;pdf;HCM_espec-update_espec_syspro_PDFinclude_samples_support
POFormOOo;odt;HCM_espec-update_espec_syspro_PDFinclude_samples_support
POFormOOo;pdf;HCM_espec-update_espec_syspro_PDFinclude_samples_support
product;jpg;HCM_espec-update_espec_syspro_PDFinclude_samples_support
prosyslogo;jpg;HCM_espec-update_espec_syspro_PDFinclude_samples_support
samples-v5;pdf;HCM_espec-update_espec_syspro_PDFinclude_samples_support
Samples;doc;HCM_espec-update_espec_syspro_PDFinclude_samples_support
timesbd;afm;HCM_espec-update_espec_syspro_PDFinclude_samples_support
ttf2pt1;exe;HCM_espec-update_espec_syspro_PDFinclude_samples_support
word-Samples;pdf;HCM_espec-update_espec_syspro_PDFinclude_samples_support
custlist2;pdf;HCM_espec-update_espec_syspro_PDFinclude_utilities
html-test;p;HCM_espec-update_espec_syspro_PDFinclude_utilities
pdfGrid;w;HCM_espec-update_espec_syspro_PDFinclude_utilities
PDFinfo-test;p;HCM_espec-update_espec_syspro_PDFinclude_utilities
PDFinfo;i;HCM_espec-update_espec_syspro_PDFinclude_utilities
PDFinfo;p;HCM_espec-update_espec_syspro_PDFinclude_utilities
pdf_inc;pdf;HCM_espec-update_espec_syspro_PDFinclude_utilities
pdf_test;i;HCM_espec-update_espec_syspro_PDFinclude_utilities
pdf_test;pdf;HCM_espec-update_espec_syspro_PDFinclude_utilities
src-html-test;p;HCM_espec-update_espec_syspro_PDFinclude_utilities
src-html;p;HCM_espec-update_espec_syspro_PDFinclude_utilities
src-pdf-test;p;HCM_espec-update_espec_syspro_PDFinclude_utilities
src-pdf;p;HCM_espec-update_espec_syspro_PDFinclude_utilities
src-test;p;HCM_espec-update_espec_syspro_PDFinclude_utilities
src-test;pdf;HCM_espec-update_espec_syspro_PDFinclude_utilities
fp1541;i;HCM_espec-update_espec_syspro_prghur_fpp
fp1541r1;p;HCM_espec-update_espec_syspro_prghur_fpp
fp1541tt;i;HCM_espec-update_espec_syspro_prghur_fpp
fp1641r1;p;HCM_espec-update_espec_syspro_prghur_fpp
fp1761;w;HCM_espec-update_espec_syspro_prghur_fpp
fp1761r1;p;HCM_espec-update_espec_syspro_prghur_fpp
fp1761rp;p;HCM_espec-update_espec_syspro_prghur_fpp
fp1761rt;p;HCM_espec-update_espec_syspro_prghur_fpp
fp1761tt;i;HCM_espec-update_espec_syspro_prghur_fpp
fp6117;w;HCM_espec-update_espec_syspro_prghur_fpp
fp6117r1;p;HCM_espec-update_espec_syspro_prghur_fpp
fp6117rp;p;HCM_espec-update_espec_syspro_prghur_fpp
fp6117tt;i;HCM_espec-update_espec_syspro_prghur_fpp
fp9950;i;HCM_espec-update_espec_syspro_prghur_fpp
fr0180tt;i;HCM_espec-update_espec_syspro_prghur_frp
old_fr0200tt;i;HCM_espec-update_espec_syspro_prghur_frp
Old_fr0220tt;i;HCM_espec-update_espec_syspro_prghur_frp
mt0021;i;HCM_espec-update_espec_syspro_prghur_mtp
mt0021a;i;HCM_espec-update_espec_syspro_prghur_mtp
mt0728;zip;HCM_espec-update_espec_syspro_prghur_mtp
pe2000tt;i;HCM_espec-update_espec_syspro_prghur_pep
pe2200tt;i;HCM_espec-update_espec_syspro_prghur_pep
pe5000;i;HCM_espec-update_espec_syspro_prghur_pep
pe5000;w;HCM_espec-update_espec_syspro_prghur_pep
pe5000i1;i;HCM_espec-update_espec_syspro_prghur_pep
pe5000i2;i;HCM_espec-update_espec_syspro_prghur_pep
pe5000i3;i;HCM_espec-update_espec_syspro_prghur_pep
pe5000i4;i;HCM_espec-update_espec_syspro_prghur_pep
pe5000i5;i;HCM_espec-update_espec_syspro_prghur_pep
pe5000i6;i;HCM_espec-update_espec_syspro_prghur_pep
pe5000rp;i;HCM_espec-update_espec_syspro_prghur_pep
pe5000rp;p;HCM_espec-update_espec_syspro_prghur_pep
pe5000tt;i;HCM_espec-update_espec_syspro_prghur_pep
pe5001rp;p;HCM_espec-update_espec_syspro_prghur_pep
pe5002rp;p;HCM_espec-update_espec_syspro_prghur_pep
pe5003rp;p;HCM_espec-update_espec_syspro_prghur_pep
pe5004rp;p;HCM_espec-update_espec_syspro_prghur_pep
pe5005rp;p;HCM_espec-update_espec_syspro_prghur_pep
pe5006rp;p;HCM_espec-update_espec_syspro_prghur_pep
pe5007rp;p;HCM_espec-update_espec_syspro_prghur_pep
st0013;w;HCM_espec-update_espec_syspro_prghur_stp
IntegracaoTMS;xpxg;HCM_espec-update_espec_syspro_ws
IntegracaoTMS005;xpxg;HCM_espec-update_espec_syspro_ws
IntegracaoTMS_Teste;xpxg;HCM_espec-update_espec_syspro_ws
IntegracaoTMS_Trans_Teste;xpxg;HCM_espec-update_espec_syspro_ws
runbproxygen;bat;HCM_espec-update_espec_syspro_ws
wsSysproRH;log;HCM_espec-update_espec_syspro_ws
wsSysproRH;wsdl;HCM_espec-update_espec_syspro_ws
wsSysproRH;wsm;HCM_espec-update_espec_syspro_ws
wsSysproRH;xpxg;HCM_espec-update_espec_syspro_ws
ConectaBancoMGCAD2-Compilacao;p;HCM_espec-update_etp
et0786-rp;p;HCM_espec-update_etp
et0786;w;HCM_espec-update_etp
et2376-b01;w;HCM_espec-update_etp
et2376-b02;w;HCM_espec-update_etp
et2376-b03;w;HCM_espec-update_etp
et2376-b04;w;HCM_espec-update_etp
et2376-g01;w;HCM_espec-update_etp
et2376-q01;w;HCM_espec-update_etp
et2376-v01;w;HCM_espec-update_etp
et2376;w;HCM_espec-update_etp
et2376a-q01;w;HCM_espec-update_etp
et2376a-v01;w;HCM_espec-update_etp
et2376a;w;HCM_espec-update_etp
et2376b-q01;w;HCM_espec-update_etp
et2376b-v01;w;HCM_espec-update_etp
et2376b;w;HCM_espec-update_etp
et2376c-q01;w;HCM_espec-update_etp
et2376c-v01;w;HCM_espec-update_etp
et2376c;w;HCM_espec-update_etp
et2376d-q01;w;HCM_espec-update_etp
et2376d-v01;w;HCM_espec-update_etp
et2376d;w;HCM_espec-update_etp
et2376rp;p;HCM_espec-update_etp
et2380-b01;w;HCM_espec-update_etp
et2380-g01;w;HCM_espec-update_etp
et2380-q01;w;HCM_espec-update_etp
et2380-v01;w;HCM_espec-update_etp
et2380-z01;w;HCM_espec-update_etp
et2380;w;HCM_espec-update_etp
et2414hcm;i;HCM_espec-update_etp
et2471;w;HCM_espec-update_etp
et2471rp;p;HCM_espec-update_etp
et2551-b01;w;HCM_espec-update_etp
et2551-g01;w;HCM_espec-update_etp
et2551-q01;w;HCM_espec-update_etp
et2551-v01;w;HCM_espec-update_etp
et2551-z01;w;HCM_espec-update_etp
et2551;w;HCM_espec-update_etp
et2552-b01;w;HCM_espec-update_etp
et2552-b02;w;HCM_espec-update_etp
et2552-q01;w;HCM_espec-update_etp
et2552-v01;w;HCM_espec-update_etp
et2552-z01;w;HCM_espec-update_etp
et2552;i;HCM_espec-update_etp
et2552;w;HCM_espec-update_etp
et2552a-v01;w;HCM_espec-update_etp
et2552a;w;HCM_espec-update_etp
et2553-b01;w;HCM_espec-update_etp
et2553-g01;w;HCM_espec-update_etp
et2553-q01;w;HCM_espec-update_etp
et2553-v01;w;HCM_espec-update_etp
et2553-z01;w;HCM_espec-update_etp
et2553;w;HCM_espec-update_etp
et2554;i;HCM_espec-update_etp
et2554;w;HCM_espec-update_etp
et2554rp;i;HCM_espec-update_etp
et2554rp;p;HCM_espec-update_etp
et2555;i;HCM_espec-update_etp
et2555;w;HCM_espec-update_etp
et2555rp;i;HCM_espec-update_etp
et2555rp;i1;HCM_espec-update_etp
et2555rp;i2;HCM_espec-update_etp
et2555rp;i3;HCM_espec-update_etp
et2555rp;i4;HCM_espec-update_etp
et2555rp;p;HCM_espec-update_etp
et2734;i;HCM_espec-update_etp
et2734;w;HCM_espec-update_etp
et2734rp;p;HCM_espec-update_etp
et2894-b01;w;HCM_espec-update_etp
et2894-b02;w;HCM_espec-update_etp
et2894-b03;w;HCM_espec-update_etp
et2894-b04;w;HCM_espec-update_etp
et2894-g01;w;HCM_espec-update_etp
et2894-q01;w;HCM_espec-update_etp
et2894-q02;w;HCM_espec-update_etp
et2894-v01;w;HCM_espec-update_etp
et2894-z01;w;HCM_espec-update_etp
et2894-z02;w;HCM_espec-update_etp
et2894-z04;w;HCM_espec-update_etp
et2894;w;HCM_espec-update_etp
et2894a-v01;w;HCM_espec-update_etp
et2894a;w;HCM_espec-update_etp
et2894b-v01;w;HCM_espec-update_etp
et2894b;w;HCM_espec-update_etp
et2894c;w;HCM_espec-update_etp
et2894d;w;HCM_espec-update_etp
et2895;w;HCM_espec-update_etp
et2895rp;p;HCM_espec-update_etp
et2944;w;HCM_espec-update_etp
et2944rp;p;HCM_espec-update_etp
et2953;w;HCM_espec-update_etp
et2953rp;p;HCM_espec-update_etp
et3093;w;HCM_espec-update_etp
et3093rp;p;HCM_espec-update_etp
Script_Compila_HCM-et2734;p;HCM_espec-update_etp
et2381;w;HCM_espec-update_etp_ET2381RenomeadoParaET2944
et2381rp - CÂ¢pia;p;HCM_espec-update_etp_ET2381RenomeadoParaET2944
et2381rp;p;HCM_espec-update_etp_ET2381RenomeadoParaET2944
11072012-fpph3500r2;zip;HCM_espec-update_etp_prghur_fpp
18072012-fpph3500r2;zip;HCM_espec-update_etp_prghur_fpp
fpph3500;w;HCM_espec-update_etp_prghur_fpp
fpph3500r1;p;HCM_espec-update_etp_prghur_fpp
fpph3500r1a;p;HCM_espec-update_etp_prghur_fpp
fpph3500r2;p;HCM_espec-update_etp_prghur_fpp
fpph3500r3;p;HCM_espec-update_etp_prghur_fpp
fpph3500r4;p;HCM_espec-update_etp_prghur_fpp
fpph3500rp;p;HCM_espec-update_etp_prghur_fpp
fpph3500tt-r4;i;HCM_espec-update_etp_prghur_fpp
fpph3500tt;i;HCM_espec-update_etp_prghur_fpp
fpph3500_curl;exe;HCM_espec-update_etp_prghur_fpp
pe4500;i;HCM_espec-update_etp_prghur_pep
esp-just-d;p;HCM_espec-update_etupc
esp-justificativa-d;p;HCM_espec-update_etupc
ped_exec-w;p;HCM_espec-update_etupc
trd_funcionario;p;HCM_espec-update_etupc
trg-epi_func-w;p;HCM_espec-update_etupc
trg-funcionario-w-vf;p;HCM_espec-update_etupc
trg-funcionario-w-vf_05072024;p;HCM_espec-update_etupc
trg-funcionario-w;p;HCM_espec-update_etupc
trg-funcionario-wa;p;HCM_espec-update_etupc
trg-restdo_exam_audtvo-w;p;HCM_espec-update_etupc
trg-rh_pessoa_fisic-w;p;HCM_espec-update_etupc
upc-apb704da;p;HCM_espec-update_etupc
upc-apb900zg;p;HCM_espec-update_etupc
upc-pe1700;p;HCM_espec-update_etupc
upc-seapi004aa;p;HCM_espec-update_etupc
funcionario-d-vf;p;HCM_espec-update_etupc_old
trg-funcionario-d;p;HCM_espec-update_etupc_old
message;p;HCM_espec-update_msg
message1;p;HCM_espec-update_msg
message2;p;HCM_espec-update_msg
message3;p;HCM_espec-update_msg
message4;p;HCM_espec-update_msg
message5;p;HCM_espec-update_msg
esfp023;i;HCM_espec-update_portal_syspro_esp
sys0001;w;HCM_espec-update_portal_syspro_esp
sys0001a;w;HCM_espec-update_portal_syspro_esp
sys0001r1;i;HCM_espec-update_portal_syspro_esp
sys0001r1;p;HCM_espec-update_portal_syspro_esp
sys0001r2;i;HCM_espec-update_portal_syspro_esp
sys0001r3;i;HCM_espec-update_portal_syspro_esp
sys0002r1;i;HCM_espec-update_portal_syspro_esp
sys0002rp;p;HCM_espec-update_portal_syspro_esp
sys0003r1;i;HCM_espec-update_portal_syspro_esp
sys0003r1;p;HCM_espec-update_portal_syspro_esp
sys0003r2;p;HCM_espec-update_portal_syspro_esp
sys0003rp;p;HCM_espec-update_portal_syspro_esp
sys0004rp;p;HCM_espec-update_portal_syspro_esp
sys0005r1;i;HCM_espec-update_portal_syspro_esp
sys0005r2;i;HCM_espec-update_portal_syspro_esp
sys0005rp;p;HCM_espec-update_portal_syspro_esp
sys0008;w;HCM_espec-update_portal_syspro_esp
sys0009;w;HCM_espec-update_portal_syspro_esp
sys0009a;w;HCM_espec-update_portal_syspro_esp
sys0009b;w;HCM_espec-update_portal_syspro_esp
sys0009c;w;HCM_espec-update_portal_syspro_esp
sys0010r1;i;HCM_espec-update_portal_syspro_esp
sys0010rp;p;HCM_espec-update_portal_syspro_esp
sys0011;w;HCM_espec-update_portal_syspro_esp
sys0011a;w;HCM_espec-update_portal_syspro_esp
sys0012;w;HCM_espec-update_portal_syspro_esp
sys0012rp;p;HCM_espec-update_portal_syspro_esp
sys0013;w;HCM_espec-update_portal_syspro_esp
sys0013rp;p;HCM_espec-update_portal_syspro_esp
sys0013rp_old;p;HCM_espec-update_portal_syspro_esp
sys0014r1;i;HCM_espec-update_portal_syspro_esp
sys0014rp;p;HCM_espec-update_portal_syspro_esp
sys0015;w;HCM_espec-update_portal_syspro_esp
exemplo;p;HCM_espec-update_portal_syspro_esp_api_v1
exemplo-bo;p;HCM_espec-update_portal_syspro_esp_api_v1_services
bs1600rpupc;p;HCM_espec-update_portal_syspro_etupc
Cria_Ped_Exec_Et2734;p;HCM_espec-update_portal_syspro_etupc
Cria_Ped_Exec_SP0014;p;HCM_espec-update_portal_syspro_etupc
i-freeac;i;HCM_espec-update_portal_syspro_etupc
trd_orcto_cenario;p;HCM_espec-update_portal_syspro_etupc
trd_orcto_cenario_ben;p;HCM_espec-update_portal_syspro_etupc
trd_orcto_cenario_plan;p;HCM_espec-update_portal_syspro_etupc
trd_sit_afast_func;p;HCM_espec-update_portal_syspro_etupc
trg-sit_afast_func-w-vf___;p;HCM_espec-update_portal_syspro_etupc
trw_func_ccusto;p;HCM_espec-update_portal_syspro_etupc
trw_sit_afast_func;p;HCM_espec-update_portal_syspro_etupc
upc-envia-email;i;HCM_espec-update_portal_syspro_etupc
upc-fp0060;p;HCM_espec-update_portal_syspro_etupc
upc-fp0660;p;HCM_espec-update_portal_syspro_etupc
upc-fp0740;p;HCM_espec-update_portal_syspro_etupc
upc-fp0770;p;HCM_espec-update_portal_syspro_etupc
upc-fp1000b;p;HCM_espec-update_portal_syspro_etupc
upc-fp1090-zoom;p;HCM_espec-update_portal_syspro_etupc
upc-fp1090;p;HCM_espec-update_portal_syspro_etupc
upc-fp1090r1;i;HCM_espec-update_portal_syspro_etupc
upc-fp1400a;p;HCM_espec-update_portal_syspro_etupc
upc-fp1400a_05072024;p;HCM_espec-update_portal_syspro_etupc
upc-fp1400a_21052024;p;HCM_espec-update_portal_syspro_etupc
upc-fp1440;p;HCM_espec-update_portal_syspro_etupc
upc-fp1500;p;HCM_espec-update_portal_syspro_etupc
upc-fp1600a;p;HCM_espec-update_portal_syspro_etupc
upc-lista-eventos;p;HCM_espec-update_portal_syspro_etupc
upc-mt0012-zoom;p;HCM_espec-update_portal_syspro_etupc
upc-mt0012;p;HCM_espec-update_portal_syspro_etupc
upc-mt0021-zoom;p;HCM_espec-update_portal_syspro_etupc
upc-mt0021;p;HCM_espec-update_portal_syspro_etupc
upc-mt0030a;p;HCM_espec-update_portal_syspro_etupc
upc-mt0035;p;HCM_espec-update_portal_syspro_etupc
upc-mt0056a;p;HCM_espec-update_portal_syspro_etupc
upc-pe1700;p;HCM_espec-update_portal_syspro_etupc
trd_funcionario;p;HCM_espec-update_portal_syspro_etupc_old
trg-funcionario-w-vf;p;HCM_espec-update_portal_syspro_etupc_old
trw_funcionario;p;HCM_espec-update_portal_syspro_etupc_old
upc-mt0728;p;HCM_espec-update_portal_syspro_etupc_old
upc-mt0728e-mail-cat;p;HCM_espec-update_portal_syspro_etupc_old
upc-mt0728e-mail;p;HCM_espec-update_portal_syspro_etupc_old
upc-mt0728e;p;HCM_espec-update_portal_syspro_etupc_old
upc-mt0728g;p;HCM_espec-update_portal_syspro_etupc_old
Parametros;i;HCM_espec-update_portal_syspro_modelos
Parametros_old;i;HCM_espec-update_portal_syspro_modelos
esqryfp1400;w;HCM_espec-update_portal_syspro_object
b01sys0006;w;HCM_espec-update_portal_syspro_object_brw
b01sys0008;w;HCM_espec-update_portal_syspro_object_brw
b01sys0011;w;HCM_espec-update_portal_syspro_object_brw
g01sys0008;w;HCM_espec-update_portal_syspro_object_go
q01sys0006a;w;HCM_espec-update_portal_syspro_object_qry
q01sys0008;w;HCM_espec-update_portal_syspro_object_qry
q01sys0011;w;HCM_espec-update_portal_syspro_object_qry
q01sys0011a;w;HCM_espec-update_portal_syspro_object_qry
esbrwfp1400;w;HCM_espec-update_portal_syspro_object_sopesp_brw
esqryfp1400;w;HCM_espec-update_portal_syspro_object_sopesp_qry
esvwrfp1400;w;HCM_espec-update_portal_syspro_object_sopesp_vwr
esvwrfp1400a;w;HCM_espec-update_portal_syspro_object_sopesp_vwr
v01sys0006a;w;HCM_espec-update_portal_syspro_object_vwr
v01sys0008;w;HCM_espec-update_portal_syspro_object_vwr
v01sys0011;w;HCM_espec-update_portal_syspro_object_vwr
v01sys0011a;w;HCM_espec-update_portal_syspro_object_vwr
z01sys0008;w;HCM_espec-update_portal_syspro_object_zoom
fpp;zip;HCM_espec-update_portal_syspro_prghur
esbs1600;i;HCM_espec-update_portal_syspro_prghur_esp
esbs1600;i1;HCM_espec-update_portal_syspro_prghur_esp
esbs1600;w;HCM_espec-update_portal_syspro_prghur_esp
esbs1600r1;p;HCM_espec-update_portal_syspro_prghur_esp
esbs1600rp;p;HCM_espec-update_portal_syspro_prghur_esp
esbs1600tt;i;HCM_espec-update_portal_syspro_prghur_esp
esbs1680;w;HCM_espec-update_portal_syspro_prghur_esp
esbs1680r1;p;HCM_espec-update_portal_syspro_prghur_esp
esbs1680r2;p;HCM_espec-update_portal_syspro_prghur_esp
esbs1680rp;p;HCM_espec-update_portal_syspro_prghur_esp
esbs1680tt;i;HCM_espec-update_portal_syspro_prghur_esp
esfp1400;w;HCM_espec-update_portal_syspro_prghur_esp
esfp1400a;w;HCM_espec-update_portal_syspro_prghur_esp
fp4510tt;i;HCM_espec-update_portal_syspro_prghur_fpp
fpefd506;i;HCM_espec-update_portal_syspro_prghur_fpp
fpefd507;i;HCM_espec-update_portal_syspro_prghur_fpp
fpefd509tt;i;HCM_espec-update_portal_syspro_prghur_fpp
fpefd531;i;HCM_espec-update_portal_syspro_prghur_fpp
pe2000tt;i;HCM_espec-update_portal_syspro_prghur_pep
pe2000tt;i1;HCM_espec-update_portal_syspro_prghur_pep
pe2200tt;i;HCM_espec-update_portal_syspro_prghur_pep
pe3720tt;i;HCM_espec-update_portal_syspro_prghur_pep
rs0585tt;i;HCM_espec-update_portal_syspro_prghur_rsp
rs0585rp;p;HCM_espec-update_portal_syspro_prghur_rsp_rs0585_portal
Cria_Ped_Exec_Sys0002;p;HCM_espec-update_portal_syspro_upc
Cria_Ped_Exec_Sys0003;p;HCM_espec-update_portal_syspro_upc
Cria_Ped_Exec_Sys0004;p;HCM_espec-update_portal_syspro_upc
Cria_Ped_Exec_Sys0005;p;HCM_espec-update_portal_syspro_upc
Cria_Ped_Exec_Sys0010;p;HCM_espec-update_portal_syspro_upc
Cria_Ped_Exec_Sys0014;p;HCM_espec-update_portal_syspro_upc
sys-envia-email;i;HCM_espec-update_portal_syspro_upc
sys-envia-email_1;i;HCM_espec-update_portal_syspro_upc
runbproxygen;bat;HCM_espec-update_portal_syspro_ws
wsSysproRH;xpxg;HCM_espec-update_portal_syspro_ws
wsSysproServices;log;HCM_espec-update_portal_syspro_ws
wsSysproServices;wsdl;HCM_espec-update_portal_syspro_ws
wsSysproServices;wsm;HCM_espec-update_portal_syspro_ws
wsSysproServices;zip;HCM_espec-update_portal_syspro_ws
wsSysproServices_1;wsm;HCM_espec-update_portal_syspro_ws
wsSysproServices_11072025_1;zip;HCM_espec-update_portal_syspro_ws
wsSysproServices_11072025_2;zip;HCM_espec-update_portal_syspro_ws
AdmissaoDigital;i;HCM_espec-update_portal_syspro_ws_esp
AdmissaoDigital;p;HCM_espec-update_portal_syspro_ws_esp
AtualizaPontoPortal;i;HCM_espec-update_portal_syspro_ws_esp
GeraXMLMovimentacao;p;HCM_espec-update_portal_syspro_ws_esp
ListaCentroCustoEMS5TT;p;HCM_espec-update_portal_syspro_ws_esp
Movimentacao;p;HCM_espec-update_portal_syspro_ws_esp
ProgramacaoFerias;p;HCM_espec-update_portal_syspro_ws_esp
RelatHolerite;p;HCM_espec-update_portal_syspro_ws_esp
RelatHoleriteTT;p;HCM_espec-update_portal_syspro_ws_esp
RelatInformeRendimento;p;HCM_espec-update_portal_syspro_ws_esp
RelatReciboFerias;p;HCM_espec-update_portal_syspro_ws_esp
TrocaDataProcesso;p;HCM_espec-update_portal_syspro_ws_esp
TrocaJornada - Novo prod;zip;HCM_espec-update_portal_syspro_ws_esp
TrocaJornada;p;HCM_espec-update_portal_syspro_ws_esp
TrocaJornadaTT - BKP;p;HCM_espec-update_portal_syspro_ws_esp
TrocaJornadaTT;p;HCM_espec-update_portal_syspro_ws_esp
ValidaFerias;p;HCM_espec-update_portal_syspro_ws_esp
wsAdmissaoDigital;p;HCM_espec-update_portal_syspro_ws_esp
wsListaCentroCustoEMS5TT;p;HCM_espec-update_portal_syspro_ws_esp
wsMovimentacao;p;HCM_espec-update_portal_syspro_ws_esp
wsProgramacaoFerias;p;HCM_espec-update_portal_syspro_ws_esp
wsRelatHolerite;p;HCM_espec-update_portal_syspro_ws_esp
wsRelatHoleriteTT;p;HCM_espec-update_portal_syspro_ws_esp
wsRelatInformeRendimento;p;HCM_espec-update_portal_syspro_ws_esp
wsRelatReciboFerias;p;HCM_espec-update_portal_syspro_ws_esp
wsTestaServico;p;HCM_espec-update_portal_syspro_ws_esp
wsTrocaDataProcesso;p;HCM_espec-update_portal_syspro_ws_esp
wsTrocaJornada;p;HCM_espec-update_portal_syspro_ws_esp
wsTrocaJornadaTT - bkp;zip;HCM_espec-update_portal_syspro_ws_esp
wsTrocaJornadaTT;p;HCM_espec-update_portal_syspro_ws_esp
wsValidaFerias;p;HCM_espec-update_portal_syspro_ws_esp
runbproxygen;bat;HCM_espec-update_portal_syspro_ws_teste
wsSysproRH;xpxg;HCM_espec-update_portal_syspro_ws_teste
wsSysproServices;log;HCM_espec-update_portal_syspro_ws_teste
wsSysproServices;wsdl;HCM_espec-update_portal_syspro_ws_teste
wsSysproServices;wsm;HCM_espec-update_portal_syspro_ws_teste
esca0099;w;HCM_espec-update_prghur_esp
esca0099rp;p;HCM_espec-update_prghur_esp
esca0099tt;i;HCM_espec-update_prghur_esp
fp4510;i;HCM_espec-update_prghur_fpp_retirado_para_abrir_chamado
fp4510;i2;HCM_espec-update_prghur_fpp_retirado_para_abrir_chamado
fp4510;i3;HCM_espec-update_prghur_fpp_retirado_para_abrir_chamado
fp4510;i4;HCM_espec-update_prghur_fpp_retirado_para_abrir_chamado
fp4510;i5;HCM_espec-update_prghur_fpp_retirado_para_abrir_chamado
fp4510;w;HCM_espec-update_prghur_fpp_retirado_para_abrir_chamado
fp4510a;i;HCM_espec-update_prghur_fpp_retirado_para_abrir_chamado
fp4510a;w;HCM_espec-update_prghur_fpp_retirado_para_abrir_chamado
fp4510b;i;HCM_espec-update_prghur_fpp_retirado_para_abrir_chamado
fp4510c;i;HCM_espec-update_prghur_fpp_retirado_para_abrir_chamado
fp4510d;i;HCM_espec-update_prghur_fpp_retirado_para_abrir_chamado
fp4510e;i;HCM_espec-update_prghur_fpp_retirado_para_abrir_chamado
fp4510r1;i;HCM_espec-update_prghur_fpp_retirado_para_abrir_chamado
fp4510r1a;p;HCM_espec-update_prghur_fpp_retirado_para_abrir_chamado
fp4510rpa;p;HCM_espec-update_prghur_fpp_retirado_para_abrir_chamado
fp4510tt;i;HCM_espec-update_prghur_fpp_retirado_para_abrir_chamado
fpapi805;i;HCM_espec-update_prghur_fpp_retirado_para_abrir_chamado
q01soc0001;w;HCM_espec-update_soc_object_qry
v01soc0001;w;HCM_espec-update_soc_object_vwr
es0002;w;HCM_espec-update_spp
es0002rp;p;HCM_espec-update_spp
importa-catraca;p;HCM_espec-update_spp
importa-edm - CÂ¢pia;p;HCM_espec-update_spp
importa-edm;p;HCM_espec-update_spp
importa-unimed;p;HCM_espec-update_spp
simula-plano;p;HCM_espec-update_spp
sp0001;w;HCM_espec-update_spp
sp0001rp;p;HCM_espec-update_spp
sp0002;w;HCM_espec-update_spp
sp0002rp;p;HCM_espec-update_spp
sp0003;w;HCM_espec-update_spp
sp0003rp;p;HCM_espec-update_spp
sp0004;w;HCM_espec-update_spp
sp0004rp;p;HCM_espec-update_spp
sp0005;w;HCM_espec-update_spp
sp0005rp;p;HCM_espec-update_spp
sp0006;w;HCM_espec-update_spp
sp0007;w;HCM_espec-update_spp
sp0008;w;HCM_espec-update_spp
sp0009;w;HCM_espec-update_spp
sp0009rp;p;HCM_espec-update_spp
sp0009rp_1911;p;HCM_espec-update_spp
sp0010;w;HCM_espec-update_spp
sp0010rp;p;HCM_espec-update_spp
sp0011;w;HCM_espec-update_spp
sp0011a;w;HCM_espec-update_spp
sp0012;w;HCM_espec-update_spp
sp0013;w;HCM_espec-update_spp
sp0013rp;p;HCM_espec-update_spp
sp0014;w;HCM_espec-update_spp
sp0014rp;p;HCM_espec-update_spp
sp0015;w;HCM_espec-update_spp
sp0015a;w;HCM_espec-update_spp
sp0015arp;p;HCM_espec-update_spp
sp0015rp;p;HCM_espec-update_spp
sp0016;w;HCM_espec-update_spp
sp0017;w;HCM_espec-update_spp
sp0017rp;p;HCM_espec-update_spp
sp0018;w;HCM_espec-update_spp
sp0018rp-20160408;p;HCM_espec-update_spp
sp0018rp;p;HCM_espec-update_spp
sp0019;w;HCM_espec-update_spp
sp0019rp;p;HCM_espec-update_spp
sp0020;w;HCM_espec-update_spp
sp0020rp;p;HCM_espec-update_spp
sp0021;w;HCM_espec-update_spp
sp0021rp;p;HCM_espec-update_spp
sp0022;w;HCM_espec-update_spp
sp0022rp;p;HCM_espec-update_spp
sp0023;w;HCM_espec-update_spp
sp0023rp;p;HCM_espec-update_spp
sp0024;w;HCM_espec-update_spp
sp0024rp - 31-07-17;p;HCM_espec-update_spp
sp0024rp-19072016;p;HCM_espec-update_spp
sp0024rp-27072016;p;HCM_espec-update_spp
sp0024rp;p;HCM_espec-update_spp
sp0025;w;HCM_espec-update_spp
sp0025rp;p;HCM_espec-update_spp
sp0026;w;HCM_espec-update_spp
sp0026rp;p;HCM_espec-update_spp
sp0027;w;HCM_espec-update_spp
sp0027rp;p;HCM_espec-update_spp
sp0028;w;HCM_espec-update_spp
sp0028rp;p;HCM_espec-update_spp
sp0029;w;HCM_espec-update_spp
sp0029rp;p;HCM_espec-update_spp
sp0030;w;HCM_espec-update_spp
sp0030rp;p;HCM_espec-update_spp
sp0031;w;HCM_espec-update_spp
sp0031rp;p;HCM_espec-update_spp
sp0032;w;HCM_espec-update_spp
sp0032rp;p;HCM_espec-update_spp
sp0033;w;HCM_espec-update_spp
sp0033rp;p;HCM_espec-update_spp
sp0034;w;HCM_espec-update_spp
sp0034rp;p;HCM_espec-update_spp
sp0035;w;HCM_espec-update_spp
sp0035rp;p;HCM_espec-update_spp
sp0035rpX;p;HCM_espec-update_spp
sp0035X;w;HCM_espec-update_spp
sp0036;w;HCM_espec-update_spp
sp0036rp;p;HCM_espec-update_spp
sp0037;w;HCM_espec-update_spp
sp0037rp;p;HCM_espec-update_spp
sp0038;w;HCM_espec-update_spp
sp0038rp;p;HCM_espec-update_spp
sp0039;w;HCM_espec-update_spp
sp0039rp;p;HCM_espec-update_spp
sp0040;w;HCM_espec-update_spp
sp0041;w;HCM_espec-update_spp
sp0041rp;p;HCM_espec-update_spp
sp0041tt;i;HCM_espec-update_spp
sp0042;w;HCM_espec-update_spp
sp0043;w;HCM_espec-update_spp
sp0044;i;HCM_espec-update_spp
sp0044;w;HCM_espec-update_spp
sp0044rp;p;HCM_espec-update_spp
sp0045;w;HCM_espec-update_spp
sp0045rp;p;HCM_espec-update_spp
sp0046;w;HCM_espec-update_spp
sp0046rp;p;HCM_espec-update_spp
sp0047;w;HCM_espec-update_spp
sp0048;w;HCM_espec-update_spp
sp0048rp;p;HCM_espec-update_spp
sp0049;w;HCM_espec-update_spp
sp0049rp;p;HCM_espec-update_spp
sp0050;w;HCM_espec-update_spp
sp0050rp;p;HCM_espec-update_spp
sp0051;w;HCM_espec-update_spp
sp0051rp;p;HCM_espec-update_spp
sp0052;w;HCM_espec-update_spp
sp0052rp;p;HCM_espec-update_spp
b01sp0006;w;HCM_espec-update_spp_spbrw
b01sp0007;w;HCM_espec-update_spp_spbrw
q01sp0006;w;HCM_espec-update_spp_spqry
v01sp0006-25052009;w;HCM_espec-update_spp_spvwr
v01sp0006;w;HCM_espec-update_spp_spvwr
v01sp0008-26052009;w;HCM_espec-update_spp_spvwr
v01sp0008;w;HCM_espec-update_spp_spvwr
v02sp0007;w;HCM_espec-update_spp_spvwr
v02sp0008;w;HCM_espec-update_spp_spvwr
esfp1593;w;HCM_espec-update_syspro_esp
esfp1593rp;p;HCM_espec-update_syspro_esp
esfp1593tt;i;HCM_espec-update_syspro_esp
sys1003;w;HCM_espec-update_syspro_esp
sys1003a;w;HCM_espec-update_syspro_esp
sys1003b;w;HCM_espec-update_syspro_esp
sys1003c;w;HCM_espec-update_syspro_esp
sys1003d;w;HCM_espec-update_syspro_esp
sys1004 - Copy;w;HCM_espec-update_syspro_esp
sys1004;w;HCM_espec-update_syspro_esp
sys1004a;w;HCM_espec-update_syspro_esp
sys1004b;w;HCM_espec-update_syspro_esp
sys1005;w;HCM_espec-update_syspro_esp
sys1005rp;p;HCM_espec-update_syspro_esp
sys1005tt;i;HCM_espec-update_syspro_esp
message;p;HCM_espec-update_syspro_msg
message1;p;HCM_espec-update_syspro_msg
message2;p;HCM_espec-update_syspro_msg
message3;p;HCM_espec-update_syspro_msg
message4;p;HCM_espec-update_syspro_msg
message5;p;HCM_espec-update_syspro_msg
b01sys1003;w;HCM_espec-update_syspro_object_brw
b01sys1004;w;HCM_espec-update_syspro_object_brw
b02sys1003;w;HCM_espec-update_syspro_object_brw
b02sys1004;w;HCM_espec-update_syspro_object_brw
b03sys1003;w;HCM_espec-update_syspro_object_brw
b03sys1004;w;HCM_espec-update_syspro_object_brw
b04sys1003;w;HCM_espec-update_syspro_object_brw
b05sys1003;w;HCM_espec-update_syspro_object_brw
b06sys1003;w;HCM_espec-update_syspro_object_brw
g01sys1003;w;HCM_espec-update_syspro_object_go
g01sys1004;w;HCM_espec-update_syspro_object_go
message;p;HCM_espec-update_syspro_object_msg
message1;p;HCM_espec-update_syspro_object_msg
message2;p;HCM_espec-update_syspro_object_msg
message3;p;HCM_espec-update_syspro_object_msg
message4;p;HCM_espec-update_syspro_object_msg
message5;p;HCM_espec-update_syspro_object_msg
q01sys1003;w;HCM_espec-update_syspro_object_qry
q01sys1003a;w;HCM_espec-update_syspro_object_qry
q01sys1003b;w;HCM_espec-update_syspro_object_qry
q01sys1003c;w;HCM_espec-update_syspro_object_qry
q01sys1004;w;HCM_espec-update_syspro_object_qry
q01sys1004b;w;HCM_espec-update_syspro_object_qry
v01sys1003;w;HCM_espec-update_syspro_object_vwr
v01sys1003a;w;HCM_espec-update_syspro_object_vwr
v01sys1003b;w;HCM_espec-update_syspro_object_vwr
v01sys1003c;w;HCM_espec-update_syspro_object_vwr
v01sys1004;w;HCM_espec-update_syspro_object_vwr
v01sys1004a;w;HCM_espec-update_syspro_object_vwr
v01sys1004b;w;HCM_espec-update_syspro_object_vwr
z01sys1003;w;HCM_espec-update_syspro_object_zoom
upc-fp1500;p;HCM_espec-update_syspro_upc
